<?xml version="1.0" encoding="utf-8" ?>
<languages>
  <language name="English" id="en">
    <episerver>
      <campaign>
        <providername>Campaign</providername>

        <admin>
          <displayname>EPiServer Campaign</displayname>
          <description>Configuration settings for Campaign.</description>
          <savesuccessfully>Your settings have been saved.</savesuccessfully>
          <errorauthentication>Error saving data. The credentials entered are incorrect.</errorauthentication>
          <errorrequired>{0} is required</errorrequired>
          <errornotvalid>{0} is not valid</errornotvalid>
          <updatepassword>Update password</updatepassword>
          <lblusername>Username</lblusername>
          <lblpassword>Password</lblpassword>
          <lblmandatorId>Mandator ID</lblmandatorId>
          <savebtn>Save</savebtn>

          <cache>
            <lblcachetimeout>Cache timeout (minutes)</lblcachetimeout>
            <description>We store some information: Session Token, Recipient Details, Optin Processes in cache to improve performance. Click &lt;b&gt;Clear cache&lt;/b&gt; button to clear the cache.</description>
            <clearcachebutton>Clear cache</clearcachebutton>
            <clearcachesuccess>The cache has been cleared successfully.</clearcachesuccess>
          </cache>
        </admin>

        <servicevalidation>
          <emailrequired>Email is required</emailrequired>
          <validationfailed>Recipient validation failed</validationfailed>
          <generalerror>Errors occurred while processing your information</generalerror>
        </servicevalidation>
        
        <editview>
            <recipientlist>Recipient List</recipientlist>
            <optinprocess>Opt-in Process</optinprocess>
            <clearlabel>Clear</clearlabel>
        </editview>

        <propertyeditors>
        </propertyeditors>

        <initModule>
        </initModule>
      </campaign>
    </episerver>
    <contenttypes>
    </contenttypes>
  </language>
</languages>